id;nom;telefon;email;observacions
1;Michigan Connecticut empower;customized payment;Deion_Hermann@yahoo.com;Personal Loan Account
2;Music;Pants;Jedidiah.Crooks8@gmail.com;digital
3;Internal;Sleek Steel Shirt;Willow89@hotmail.com;Wisconsin Human
4;parsing;Bedfordshire;Marcelino_Schuster55@hotmail.com;Mississippi stable
5;mint green Director system;Buckinghamshire;Justen_Buckridge76@gmail.com;Awesome
6;Sausages Haven;Checking Account frictionless;Brian54@yahoo.com;orange Trinidad and Tobago Dollar Gorgeous
7;UAE Dirham;Rubber Mall Investment Account;Favian_Breitenberg83@hotmail.com;Administrator Frozen matrix
8;mint green streamline Mobility;Arizona synthesizing Fresh;Neoma.Douglas82@hotmail.com;gold
9;payment;National structure;Gladyce.Parker43@yahoo.com;e-enable Plaza intranet
10;convergence Idaho customized;synthesize Bahrain;Daphne.Mueller@hotmail.com;Tactics Credit Card Account
